{
  "flange2tcp" : 
  {
    "alg_type" : 0,
    "calibrated" : false,
    "calibration_matrix" : 
    [
      [
        1.1733731798618366e-311,
        1.1733731798618366e-311,
        1.1733731798618366e-311,
        1.1733731798618366e-311
      ],
      [
        1.1733731798618366e-311,
        1.1733731798618366e-311,
        1.1733731798618366e-311,
        1.1733731798618366e-311
      ],
      [
        1.1733731798618366e-311,
        1.1733717034276808e-311,
        1.1733731798618366e-311,
        1.1733731798618366e-311
      ],
      [
        1.1733731798618366e-311,
        1.1733731798618366e-311,
        1.1733731798618366e-311,
        1.1733731798618366e-311
      ]
    ]
  },
  "root2tracker" : 
  {
    "alg_type" : 0,
    "calibrated" : false,
    "max_error" : 0.0,
    "orientation_offset_matrix" : 
    [
      [
        1.3796157343022403e-306,
        1.2461079075571009e-306,
        1.0681053941526762e-306
      ],
      [
        2.7814866196767319e-307,
        1.2905991984739627e-306,
        5.7311614917584599e-322
      ],
      [
        1.6021849134060431e-306,
        4.4506060750992297e-308,
        0.0
      ]
    ],
    "position_calibration_matrix" : 
    [
      [
        1.1733731798618366e-311,
        1.1733731798618366e-311,
        1.1733731798618366e-311,
        1.1733731798618366e-311
      ],
      [
        1.1733731798618366e-311,
        1.1733731798618366e-311,
        1.1733731798618366e-311,
        1.1733731798618366e-311
      ],
      [
        1.1733731798618366e-311,
        1.1733731798618366e-311,
        1.1733731798618366e-311,
        1.1733731798618366e-311
      ],
      [
        1.1733717042577111e-311,
        1.1733731798618366e-311,
        1.1733731798618366e-311,
        1.1733731798618366e-311
      ]
    ],
    "robot_calibration_orientation" : 
    {
      "A" : 0.0,
      "B" : 0.0,
      "C" : 0.0
    },
    "tracker_calibration_orientation" : 
    {
      "A" : 0.0,
      "B" : 0.0,
      "C" : 0.0
    }
  },
  "tracker2tcp" : 
  {
    "alg_type" : 0,
    "calibrated" : false,
    "orientation_calibration_matrix" : 
    [
      [
        1.3796157343022403e-306,
        1.2461079075571009e-306,
        8.0109788925056742e-307
      ],
      [
        2.7814866196767319e-307,
        9.3458806015146354e-307,
        2.1220307609267443e-312
      ],
      [
        1.6021849134060431e-306,
        4.2277489833578333e-307,
        0.0
      ]
    ],
    "position_calibration_matrix" : 
    [
      [
        1.1733731809053033e-311,
        1.1733731809053033e-311,
        1.1733731809053033e-311,
        1.1733731809053033e-311
      ],
      [
        1.1733731809053033e-311,
        1.1733731809053033e-311,
        1.1733731809053033e-311,
        1.1733731809053033e-311
      ],
      [
        1.1733731809053033e-311,
        1.1733731809053033e-311,
        1.1733731809053033e-311,
        1.1733717031193838e-311
      ],
      [
        1.1733731809053033e-311,
        1.1733731809053033e-311,
        1.1733731809053033e-311,
        1.1733731809053033e-311
      ]
    ]
  }
}