{
  "flange2tcp" : 
  {
    "alg_type" : 0,
    "calibrated" : false,
    "calibration_matrix" : 
    [
      [
        1.0,
        0.0,
        0.0,
        0.0
      ],
      [
        0.0,
        1.0,
        0.0,
        0.0
      ],
      [
        0.0,
        0.0,
        1.0,
        0.0
      ],
      [
        0.0,
        0.0,
        0.0,
        1.0
      ]
    ]
  },
  "root2tracker" : 
  {
    "alg_type" : 2,
    "calibrated" : true,
    "max_error" : 0.0,
    "orientation_offset_matrix" : 
    [
      [
        0.013216528658102952,
        -0.87324819148059762,
        0.48709641699164119
      ],
      [
        -0.99935946342366389,
        0.00466595724623427,
        0.035480863976836918
      ],
      [
        -0.033256371356418721,
        -0.48725334777591989,
        -0.87262717631607301
      ]
    ],
    "position_calibration_matrix" : 
    [
      [
        0.99649644236101786,
        0.0054017484961088047,
        -0.083460538429966397,
        923.87734395758434
      ],
      [
        -0.08350978419917332,
        0.0096431469516270463,
        -0.99646029808511538,
        -1496.6713416152129
      ],
      [
        -0.0045778056798712607,
        0.99993891354925024,
        0.010060460481668754,
        1470.934661490639
      ],
      [
        0.0,
        0.0,
        0.0,
        1.0
      ]
    ],
    "robot_calibration_orientation" : 
    {
      "A" : 0.0,
      "B" : 0.0,
      "C" : 0.0
    },
    "tracker_calibration_orientation" : 
    {
      "A" : 0.0,
      "B" : 0.0,
      "C" : 0.0
    }
  },
  "tracker2tcp" : 
  {
    "alg_type" : 0,
    "calibrated" : true,
    "orientation_calibration_matrix" : 
    [
      [
        -0.0028390771739444133,
        0.758756917371465,
        -0.65136769952289808,
        54.151815912763595
      ],
      [
        0.99967736363928528,
        -0.014287815250259357,
        -0.021000641956450142,
        -25.950885766696402
      ],
      [
        -0.025241003704467545,
        -0.65121716706205335,
        -0.7584715505908346,
        12.983653003830796
      ],
      [
        0.0,
        0.0,
        0.0,
        1.0
      ]
    ],
    "position_calibration_vector" : 
    [
      54.151815912763368,
      -25.950885766696395,
      12.983653003830796,
      1.0
    ]
  }
}