{
  "flange2tcp" : 
  {
    "alg_type" : 0,
    "calibrated" : false,
    "calibration_matrix" : 
    [
      [
        1.0,
        0.0,
        0.0,
        0.0
      ],
      [
        0.0,
        1.0,
        0.0,
        0.0
      ],
      [
        0.0,
        0.0,
        1.0,
        0.0
      ],
      [
        0.0,
        0.0,
        0.0,
        1.0
      ]
    ]
  },
  "root2tracker" : 
  {
    "alg_type" : 2,
    "calibrated" : true,
    "max_error" : 0.0,
    "orientation_offset_matrix" : 
    [
      [
        -0.53986410845634158,
        0.016774722201914664,
        0.84158502428197268
      ],
      [
        -0.84171575023805101,
        -0.0014555770930216837,
        -0.53991895419268399
      ],
      [
        -0.0078319985849556791,
        -0.99985823494652215,
        0.014905361712833087
      ]
    ],
    "position_calibration_matrix" : 
    [
      [
        0.80312786646005607,
        0.011386102928248376,
        0.59569789891808844,
        1192.8506324199489
      ],
      [
        0.59550870987400639,
        0.016277518268086738,
        -0.80318392592433574,
        -521.72862585106952
      ],
      [
        -0.018841618282789241,
        0.99980268006199058,
        0.0062924050526192987,
        1672.7101657719541
      ],
      [
        0.0,
        0.0,
        0.0,
        1.0
      ]
    ],
    "robot_calibration_orientation" : 
    {
      "A" : 0.0,
      "B" : 0.0,
      "C" : 0.0
    },
    "tracker_calibration_orientation" : 
    {
      "A" : 0.0,
      "B" : 0.0,
      "C" : 0.0
    }
  },
  "tracker2tcp" : 
  {
    "alg_type" : 0,
    "calibrated" : true,
    "orientation_calibration_matrix" : 
    [
      [
        0.24931329910976105,
        -0.96716434855579669,
        -0.049355868644455805,
        -1.4911426010514788
      ],
      [
        -0.95033673056591428,
        -0.25414295084180127,
        0.17964258702966471,
        -1.263798737961622
      ],
      [
        -0.18628735175608596,
        0.0021174088088348128,
        -0.98249302244628733,
        6.0226373140172882
      ],
      [
        0.0,
        0.0,
        0.0,
        1.0
      ]
    ],
    "position_calibration_vector" : 
    [
      0.0,
      0.0,
      0.0,
      1.0
    ]
  }
}